{\rtf1\ansi\ansicpg1252\cocoartf1504\cocoasubrtf600
{\fonttbl\f0\fnil\fcharset0 Menlo-Bold;\f1\fnil\fcharset0 Menlo-Regular;}
{\colortbl;\red255\green255\blue255;\red0\green0\blue0;}
{\*\expandedcolortbl;\csgray\c100000;\csgenericrgb\c0\c0\c0;}
\paperw11900\paperh16840\margl1440\margr1440\vieww15480\viewh8400\viewkind0
\deftab543
\pard\tx543\pardeftab543\pardirnatural\partightenfactor0

\f0\b\fs22 \cf2 \CocoaLigature0 1001,CRUCEA GRANARILOR CALUGARENI,CALUGARENI,GIURGI,44.1861245,26.0028619\
1002,STATUIA LUI MIHAI VITEAZU,CALUGARENI,GIURGI,44.1861245,26.0028619\
1003,BISERICA SF VOIEVOZI,CALUGARENI,GIURGI,44.1861245,26.0028619\
1004,MONUMENT MIHAI VITEAZU,CALUGARENI,GIURGI,44.1861245,26.0028619\
1005,Biserica Sf. Petru si Pavel Sat Cetatea,CETATEA,GIURGI,43.890967,25.947767\
1006,PARCUL NATURAL COMANA,COMANA,GIURGI,44.1711618,26.145022\
1007,MANASTIREA DELTA NEAJLOVULUI,COMANA,GIURGI,44.1711618,26.145022\
1008,LACUL COMANA,COMANA,GIURGI,44.1711618,26.145022\
1009,PARC AVENTURA COMANA,COMANA,GIURGI,44.1711618,26.145022\
1010,CASA MEMORIALA GELLU NAUM COMANA,COMANA,GIURGIU,44.1711618,26.145022\
1011,MONUMENTUL EROILOR COMANA,COMANA,GIURGIU,44.1711618,26.145022\
1012,MANASTIREA COMANA,COMANA,GIURGIU,44.1711618,26.145022\
1013,MAUSOLEUL COMANA,COMANA,GIURGIU,44.1711618,26.145022\
1014,AERODROM COMANA,COMANA,GIURGIU,44.1711618,26.145022\
1015,BISERICA ADORMIREA MAICII DOMNULUI BUDENI,COMANA,GIURGIU,44.1711618,26.145022\
1016,MANASTIREA BUNA VESTIRE,BOLINTIN VALE,GIURGIU,44.4465299,25.7578405\
1017,CRUCEA DE PIATRA MIHAI VITEAZU,CRUCEA DE PIATRA,GIURGIU,43.8938686989718,25.960942602228\
1018,BISERICA SF. ILIE CRUCEA DE PIATRA,CRUCEA DE PIATRA,GIURGIU,43.8938686989718,25.960942602228\
1019,BISERICA SF PARASCHEVA DARASTI,DARASTI,GIURGIU,44.2444664,26.2324\
1020,BISERICA DOBRENI,DOBRENI,GIURGIU,43.9016138,25.9700781\
1021,MONUMENTUL EROILOR DOBRENI,DOBRENI,GIURGIU,43.9016138,25.9700781\
1022,Muzeul Satesc din Fratesti,FRATESTI,GIURGIU,43.9668425,25.9696386\
1023,Biserica Sf. Ecaterina din Fratesti,FRATESTI,GIURGIU,43.9668425,25.9696386\
1024,Biserica Adormirii Maicii Domnului Gaujani,GAUJANI,GIURGIU,43.7365012,25.710717\
1025,Biserica Adventista Gaujani,GAUJANI,GIURGIU,43.7365012,25.710717\
1026,Cetatea Giurgiu,GIURGIU,GIURGIU,43.9016138,25.9700781\
1027,BISERICA SF GHEORGHE GIURGIU,GIURGIU,GIURGIU,43.9016138,25.9700781\
1028,STATUIA TRIUMF GIURGIU,GIURGIU,GIURGIU,43.9016138,25.9700781\
1029,PRIMARIA GIURGIU,GIURGIU,GIURGIU,43.9016138,25.9700781\
1030,STATUIA LUI VLAD TEPES GIURGIU,GIURGIU,GIURGIU,43.9016138,25.9700781\
1031,CONSILIUL JUDETEAN GIURGIU,GIURGIU,GIURGIU,43.9016138,25.9700781\
1032,TURNUL CEASORNICULUI GIURGIU,GIURGIU,GIURGIU,43.9016138,25.9700781\
1033,BISERICA ADORMIRII MAICII DOMNULUI GIURGIU,GIURGIU,GIURGIU,43.9016138,25.9700781\
1034,STATUIA LUI NICOLAE IORGA GIURGIU,GIURGIU,GIURGIU,43.9016138,25.9700781\
1035,LICEUL ION MAJORESCU GIURGIU,GIURGIU,GIURGIU,43.9016138,25.9700781\
1036,BISERICA MIHAIL SI GAVRIIL GIURGIU,GIURGIU,GIURGIU,43.9016138,25.9700781\
1037,MAUSOLEUL EROILOR GIURGIU,GIURGIU,GIURGIU,43.9016138,25.9700781\
1038,STATUIA LUI MIHAI VITEAZU GIURGIU,GIURGIU,GIURGIU,43.9016138,25.9700781\
1039,TEATRUL T. VIANU GIURGIU,GIURGIU,GIURGIU,43.9016138,25.9700781\
1040,MONUMENTUL EROILOR REVOLUTIEI 89 GIURGIU,GIURGIU,GIURGIU,43.9016138,25.9700781\
1041,EPISCOPIA GIURGIU,GIURGIU,GIURGIU,43.9016138,25.9700781\
1042,ATENEUL NICOLAE BALANESCU GIURGIU,GIURGIU,GIURGIU,43.9016138,25.9700781\
1043,BISERICA ROMANO-CATOLICA GIURGIU,GIURGIU,GIURGIU,43.9016138,25.9700781\
1044,CENTRUL CULTURAL ION VINEA,GIURGIU,GIURGIU,43.9016138,25.9700781\
1045,MUZEUL TEOHARI ANTONESCU,GIURGIU,GIURGIU,43.9016138,25.9700781\
1046,PARCUL ALEI GIURGIU,GIURGIU,GIURGIU,43.9016138,25.9700781\
1047,STATUIA LUI MIHAI EMINESCU,GIURGIU,GIURGIU,43.9016138,25.9700781\
1048,MUZEUL POLITIEI DE FRONTIERA GIURGIU,GIURGIU,GIURGIU,43.9016138,25.9700781\
1049,CASA DR. A. VIANU,GIURGIU,GIURGIU,43.9016138,25.9700781\
1050,SCHITU BARBU BELU GOSTINARI,GOSTINARI,GIURGIU,44.1867579,26.2247168\
1051,BISERICA SF. VOIEVOZI MIHAIL SI GAVRIIL HERASTI,HERASTI,GIURGIU,43.9016138,25.9700781\
1052,ANSAMBLUL ARHITECTURAL UDRISTE-NASTUREL HERASTI,HERASTI,GIURGIU,43.9016138,25.9700781\
1053,MANASTIREA HULUBESTI,HULUBESTI,GIURGIU,43.9016138,25.9700781\
1054,Biserica Ioan Botezatorul Malu,MALU,GIURGIU,43.8920308013974,25.9503497126499\
1055,Monumentul Eroilor,MALU,GIURGIU,43.8920308013974,25.9503497126499\
1056,CONACUL LUI CALINESCU MIHAILESTI,MIHAILESTI,GIURGIU,44.3234331,25.9067022\
1057,BISERICA TUFA COSTINENI MIHAILESTI,MIHAILESTI,GIURGIU,44.3234331,25.9067022\
1058,BISERICA SF NICOLAE MIRONESTI,MIRONESTI,GIURGIU,43.9016138,25.9700781\
1059,RUINELE CONACULUI RADU SERBAN MIRONESTI,MIRONESTI,GIURGIU,43.9016138,25.9700781\
1060,BISERICA OBEDENI,OBEDENI,GIURGIU,43.9016138,25.9700781\
1061,MANASTIREA IOAN RUSU SLOBOZIA,SLOBOZIA,GIURGIU,43.8559195,25.9063533\
1062,BAZA HIPICA REGATUL CAILOR VARLAAM,VARLAAM,GIURGIU,43.9016138,25.9700781\
1063,BISERICA SF PANTELIMON VEDEA,VEDEA,GIURGIU,43.7788183,25.786516\
1064,PRIMARIA VEDEA,VEDEA,GIURGIU,43.7788183,25.786516\
1065,MONUMENTUL EROILOR VEDEA,VEDEA,GIURGIU,43.7788183,25.786516\
1066,STATUIA APOLLO,GIURGIU,GIURGIU,43.9016138,25.9700781\
1067,CETATEA CAPIDAVA,Capidava,CONSTANTA,44.2059971306222,28.626751569045\
1068,MANASTIREA EPICTET SI ASTION,Capidava - Histria,CONSTANTA,44.2059971306222,28.626751569045\
1069,BISERICA ROMANO-CATOLICA,Cernavoda,CONSTANTA,44.3500065,28.0397302\
1070,BISERICA SF. CONSTANTIN SI ELENA,Cernavoda,CONSTANTA,44.3500065,28.0397302\
1071,GEAMIE CERNAVODA,Cernavoda,CONSTANTA,44.3500065,28.0397302\
1072,MONUMENTUL EROILOR CERNAVODA,Cernavoda,CONSTANTA,44.3500065,28.0397302\
1073,MUZEUL AXIOPOLIS CERNAVODA,Cernavoda,CONSTANTA,44.3500065,28.0397302\
1074,PODUL CAROL I,Cernavoda,CONSTANTA,44.3500065,28.0397302\
1075,BISERICA ADORMIREA MAICII DOMNULUI,Cogealac,CONSTANTA,44.5629179,28.5678576\
1076,BISERICA COLELIA,Colelia,CONSTANTA,44.176017,28.6155615\
1077,ACVARIUL CONSTANTA,Constanta,CONSTANTA,44.176017,28.6155615\
1078,AQUA MAGIC,Constanta,CONSTANTA,44.176017,28.6155615\
1079,AQUARIUS DIVE CENTER,Constanta,CONSTANTA,44.176017,28.6155615\
1080,BANCA STR. ARHIEPISCOPIEI,Constanta,CONSTANTA,44.176017,28.6155615\
1081,BASORELIEFURI TINERI SPORTIVI,Constanta,CONSTANTA,44.176017,28.6155615\
1082,BISERICA ADORMIREA MAICII DOMNULUI,Constanta,CONSTANTA,44.176017,28.6155615\
1083,BISERICA APOSTOLICA ARMEANA,Constanta,CONSTANTA,44.176017,28.6155615\
1084,BISERICA BULGARA,Constanta,CONSTANTA,44.176017,28.6155615\
1085,BISERICA CATOLICA SF. ANTON,Constanta,CONSTANTA,44.176017,28.6155615\
1086,BISERICA GRECEASCA METAMORPHOSIS,Constanta,CONSTANTA,44.176017,28.6155615\
1087,BISERICA SF. MINA,Constanta,CONSTANTA,44.176017,28.6155615\
1088,BISERICA SF. GHEORGHE,Constanta,CONSTANTA,44.176017,28.6155615\
1089,BISERICA SF. STEFAN,Constanta,CONSTANTA,44.176017,28.6155615\
1090,BURSA VECHE,Constanta,CONSTANTA,44.176017,28.6155615\
1091,BUSTUL LUI ION BANESCU,Constanta,CONSTANTA,44.176017,28.6155615\
1092,BUSTUL LUI GRIGORE ANTIPA,Constanta,CONSTANTA,44.176017,28.6155615\
1093,BUSTUL LUI VASILE PARVAN,Constanta,CONSTANTA,44.176017,28.6155615\
1094,CASA ALLEON,Constanta,CONSTANTA,44.176017,28.6155615\
1095,CASA AVOCAT BARZAN,Constanta,CONSTANTA,44.176017,28.6155615\
1096,CASA AVOCAT TRAIAN BELLU,Constanta,CONSTANTA,44.176017,28.6155615\
1097,CASA BANESCU,Constanta,CONSTANTA,44.176017,28.6155615\
1098,CASA BARZANESCU,Constanta,CONSTANTA,44.176017,28.6155615\
1099,CASA CANANAU,Constanta,CONSTANTA,44.176017,28.6155615\
1100,CASA CAPITAN STANESCU,Constanta,CONSTANTA,44.176017,28.6155615\
1101,CASA CONSTANTINIDI,Constanta,CONSTANTA,44.176017,28.6155615\
1102,CASA CU BOWINDOURI,Constanta,CONSTANTA,44.176017,28.6155615\
1103,CASA CU LEI,Constanta,CONSTANTA,44.176017,28.6155615\
1104,CASA CUCULIS,Constanta,CONSTANTA,44.176017,28.6155615\
1105,CASA DE CULTURA A SINDICATELOR,Constanta,CONSTANTA,44.176017,28.6155615\
1106,CASA GRIGORIU,Constanta,CONSTANTA,44.176017,28.6155615\
1107,CASA ING. PASLA,Constanta,CONSTANTA,44.176017,28.6155615\
1108,CASA MANICARTIDE,Constanta,CONSTANTA,44.176017,28.6155615\
1109,CASA PILESCU,Constanta,CONSTANTA,44.176017,28.6155615\
1110,CASA SOMANESCU,Constanta,CONSTANTA,44.176017,28.6155615\
1111,CASA SULMONA NR. 19,Constanta,CONSTANTA,44.176017,28.6155615\
1112,CASA TEODOROU ROUSOU,Constanta,CONSTANTA,44.176017,28.6155615\
1113,CASA THEILER,Constanta,CONSTANTA,44.176017,28.6155615\
1114,CASA ZAFIRIOS KYRIAKOU,Constanta,CONSTANTA,44.176017,28.6155615\
1115,CASA ZOTTU,Constanta,CONSTANTA,44.176017,28.6155615\
1116,CASINO CONSTANTA,Constanta,CONSTANTA,44.176017,28.6155615\
1117,CATEDRALA SF. APOSTOLI PETRU SI PAVEL,Constanta,CONSTANTA,44.176017,28.6155615\
1118,CERCUL MILITAR,Constanta,CONSTANTA,44.176017,28.6155615\
1119,CETATEA TOMIS,Constanta,CONSTANTA,44.176017,28.6155615\
1120,COLEGIUL NATIONAL PEDAGOGIC,Constanta,CONSTANTA,44.176017,28.6155615\
1121,COMANDAMENTUL MARINEI MILITARE,Constanta,CONSTANTA,44.176017,28.6155615\
1122,CLUB SPORTIV LAGUNA,Constanta,CONSTANTA,44.176017,28.6155615\
1123,DELFINARIU,Constanta,CONSTANTA,44.176017,28.6155615\
1124,FARUL CAROL I,Constanta,CONSTANTA,44.176017,28.6155615\
1125,FARUL CONSTANTA,Constanta,CONSTANTA,44.176017,28.6155615\
1126,FARUL GENOVEZ,Constanta,CONSTANTA,44.176017,28.6155615\
1127,FOSTUL HOTEL MERCUR,Constanta,CONSTANTA,44.176017,28.6155615\
1128,FOST HOTEL SI CABARET BRITANIA,Constanta,CONSTANTA,44.176017,28.6155615\
1129,FOSTA RESEDINTA REGALA,Constanta,CONSTANTA,44.176017,28.6155615\
1130,GARA MARITIMA CONSTANTA,Constanta,CONSTANTA,44.176017,28.6155615\
1131,GEAMIA HUNCHIAR,Constanta,CONSTANTA,44.176017,28.6155615\
1132,GRAVITY PARK,Constanta,CONSTANTA,44.176017,28.6155615\
1133,GRUP STATUAR PESCARII,Constanta,CONSTANTA,44.176017,28.6155615\
1134,HANUL BALCAN,Constanta,CONSTANTA,44.176017,28.6155615\
1135,HOTEL INTIM,Constanta,CONSTANTA,44.176017,28.6155615\
1136,LAKE VIEW - Entertainment and Sports Center,Constanta,CONSTANTA,44.176017,28.6155615\
1137,LICEUL MIHAI EMINESCU,Constanta,CONSTANTA,44.176017,28.6155615\
1138,MICRODELTA,Constanta,CONSTANTA,44.176017,28.6155615\
1139,STATUIE LUPOAICA,Constanta,CONSTANTA,44.176017,28.6155615\
1140,MONUMENT CADEREA DE PE SOCLU,Constanta,CONSTANTA,44.176017,28.6155615\
1141,MONUMENTUL EROILOR,Constanta,CONSTANTA,44.176017,28.6155615\
1142,MONUMENTUL MARINARILOR ROMANI,Constanta,CONSTANTA,44.176017,28.6155615\
1143,MONUMENTUL VICTORIEI,Constanta,CONSTANTA,44.176017,28.6155615\
1144,MOSCHEEA CAROL I,Constanta,CONSTANTA,44.176017,28.6155615\
1145,MUZEUL DE ARTA CONSTANTA,Constanta,CONSTANTA,44.176017,28.6155615\
1146,MUZEUL DE ARTA POPULARA CONSTANTA,Constanta,CONSTANTA,44.176017,28.6155615\
1147,MUZEUL DE ISTORIE,Constanta,CONSTANTA,44.176017,28.6155615\
1148,MUZEUL DE SCULPTURA ION JALEA,Constanta,CONSTANTA,44.176017,28.6155615\
1149,MUZEUL EDIFICIUL CU MOZAIC,Constanta,CONSTANTA,44.176017,28.6155615\
1150,MUZEUL MARINEI,Constanta,CONSTANTA,44.176017,28.6155615\
1151,MUZEUL MILITAR CONSTANTA,Constanta,CONSTANTA,44.176017,28.6155615\
1152,NATURA DINO PARK,Constanta,CONSTANTA,44.176017,28.6155615\
1153,OBSERVATOR ASTRONOMIC,Constanta,CONSTANTA,44.176017,28.6155615\
1154,OFICIUL TELEFONIC CONSTANTA,Constanta,CONSTANTA,44.176017,28.6155615\
1155,PALATUL ARHIEPISCOPIEI,Constanta,CONSTANTA,44.176017,28.6155615\
1156,PARCUL ARHEOLOGIC,Constanta,CONSTANTA,44.176017,28.6155615\
1157,PARCUL GARII,Constanta,CONSTANTA,44.176017,28.6155615\
1158,PARCUL TABACARIEI,Constanta,CONSTANTA,44.176017,28.6155615\
1159,PLANETARIU,Constanta,CONSTANTA,44.176017,28.6155615\
1160,PORTUL TURISTIC TOMIS,Constanta,CONSTANTA,44.176017,28.6155615\
1161,PRIMARIA CONSTANTA,Constanta,CONSTANTA,44.176017,28.6155615\
1162,SATUL DE VACANTA,Constanta,CONSTANTA,44.176017,28.6155615\
1163,SILOZURILE ANGHEL SALIGNY,Constanta,CONSTANTA,44.176017,28.6155615\
1164,STATUIA ARUNCATORUL CU DISCUL,Constanta,CONSTANTA,44.176017,28.6155615\
1165,STATUIA CARMEN SYLVA,Constanta,CONSTANTA,44.176017,28.6155615\
1166,STATUIA EXTAZ,Constanta,CONSTANTA,44.176017,28.6155615\
1167,STATUIA FATA LA MARE,Constanta,CONSTANTA,44.176017,28.6155615\
1168,STATUIA FAUN SI NIMFA,Constanta,CONSTANTA,44.176017,28.6155615\
1169,STATUIA LUI MIHAI EMINESCU,Constanta,CONSTANTA,44.176017,28.6155615\
1170,STATUIA LUI OVIDIU,Constanta,CONSTANTA,44.176017,28.6155615\
1171,STATUIA TINERETE,Constanta,CONSTANTA,44.176017,28.6155615\
1172,TEATRUL DE STAT,Constanta,CONSTANTA,44.176017,28.6155615\
1173,TEATRUL ELPIS,Constanta,CONSTANTA,44.176017,28.6155615\
1174,TEATRUL NATIONAL DE OPERA SI BALET,Constanta,CONSTANTA,44.176017,28.6155615\
1175,TELEGONDOLA,Constanta,CONSTANTA,44.176017,28.6155615\
1176,TERMELE ROMANE,Constanta,CONSTANTA,44.176017,28.6155615\
1177,TRIBUNALUL CONSTANTA,Constanta,CONSTANTA,44.176017,28.6155615\
1178,VILA REGALA,Constanta,CONSTANTA,44.176017,28.6155615\
1179,VILA SUTU,Constanta,CONSTANTA,44.176017,28.6155615\
1180,OBELISC,Costinesti,CONSTANTA,43.9474323,28.6297605\
1181,SCHITUL SF. ELENA,Costinesti,CONSTANTA,43.9474323,28.6297605\
1182,ANA ASLAN HEALTH SPA,Eforie Nord,CONSTANTA,44.0661998,28.6353492\
1183,AQUA PARK EFORIE,Eforie Nord,CONSTANTA,44.0661998,28.6353492\
1184,GRUP STATUAR COPII,Eforie Nord,CONSTANTA,44.0661998,28.6353492\
1185,HOTEL BELONA,Eforie Nord,CONSTANTA,44.0661998,28.6353492\
1186,GEAMIE EFORIE SUD,Eforie Sud,CONSTANTA,44.0277966,28.6504306\
1187,PARCUL MOVILA,Eforie Sud,CONSTANTA,44.0277966,28.6504306\
1188,ANSAMBLUL VASILE COTOVU,Harsova,CONSTANTA,44.6924106,27.9545933\
1189,BISERICA CONSTANTIN SI ELENA,Harsova,CONSTANTA,44.6924106,27.9545933\
1190,CETATEA CARSIUM,Harsova,CONSTANTA,44.6924106,27.9545933\
1191,GEAMIA MAHMUD,Harsova,CONSTANTA,44.6924106,27.9545933\
1192,MUZEUL CARSIUM,Harsova,CONSTANTA,44.6924106,27.9545933\
1193,CETATEA HISTRIA,Histria,CONSTANTA,44.1723873,28.6137437\
1194,COMPLEX ARHEOLOGIC HISTRIA,Histria,CONSTANTA,44.1723873,28.6137437\
1195,CETATEA CALLATIS,Mangalia,CONSTANTA,43.8224672,28.5836648\
1196,GEAMIA ESMAHAN SULTAN,Mangalia,CONSTANTA,43.8224672,28.5836648\
1197,HERGHELIA MANGALIA,Mangalia,CONSTANTA,43.8224672,28.5836648\
1198,MORMANTUL CU PAPYRUS,Mangalia,CONSTANTA,43.8224672,28.5836648\
1199,MUZEUL DE ARHEOLOGIE CALLATIS,Mangalia,CONSTANTA,43.8224672,28.5836648\
1200,SANATORIUL BALNEAR MANGALIA,Mangalia,CONSTANTA,43.8224672,28.5836648\
1201,SITUL ARHEOLOGIC MANGALIA,Mangalia,CONSTANTA,43.8224672,28.5836648\
1202,PARADIS LAND NEPTUN,Neptun,CONSTANTA,43.8736858,28.604082\
1203,PARC DE DISTRACTII NEPTUN,Neptun,CONSTANTA,43.8736858,28.604082\
1204,CETATEA ULMETUM,Pantelimon,CONSTANTA,44.5470341,28.3305219\
1205,BISERICA DIONISIE SI EFREM CEL NOU,Tirgusor,CONSTANTA,44.4579071,28.4165953\
1206,MANASTIREA SF. IOAN CASIAN,Tirgusor,CONSTANTA,44.4579071,28.4165953\
1207,CHEILE DOBROGEI,Tirgusor,CONSTANTA,44.4579071,28.4165953\
1208,MONUMENTUL EROILOR,Tirgusor,CONSTANTA,44.4579071,28.4165953\
1209,MUZEUL DE ARTA,Topalu,CONSTANTA,44.5518376,28.0502966\
1210,Muzeul Marinei Mangalia,Mangalia,CONSTANTA,43.8224672,28.5836648\
1211,Situl Arheologic statia de biogaz Mangalia,Mangalia,CONSTANTA,43.8224672,28.5836648\
1212,Ansamblul rupestru Murfatlar,Murfatlar,CONSTANTA,44.1816483829466,28.4059751376141\
1213,Rezervatia Naturala Padurea Fantanita,Murfatlar,CONSTANTA,44.1816483829466,28.4059751376141\
1214,Turn de Apa,Murfatlar,CONSTANTA,44.1816483829466,28.4059751376141\
1215,Gara Murfatlar,Murfatlar,CONSTANTA,44.1816483829466,28.4059751376141\
1216,Manastirea Basarabi,Murfatlar,CONSTANTA,44.1816483829466,28.4059751376141\
1217,Conacul Mihail Kogalniceanu,Murfatlar,CONSTANTA,44.1816483829466,28.4059751376141\
1218,Geamia Murfatlar,Murfatlar,CONSTANTA,44.1816483829466,28.4059751376141\
1219,Muzeul Viei si al Vinului,Murfatlar,CONSTANTA,44.1816483829466,28.4059751376141\
1220,Muzeul Eroilor Murfatlar,Murfatlar,CONSTANTA,44.1816483829466,28.4059751376141\
1221,Seminarul Musulman,Medgidia,CONSTANTA,44.2609679,28.2805122\
1222,Casa Murad G. Ali,Medgidia,CONSTANTA,44.2609679,28.2805122\
1223,Statuie Femeia cu Harpa,Medgidia,CONSTANTA,44.2609679,28.2805122\
1224,Geamia Abdul Medgid,Medgidia,CONSTANTA,44.2609679,28.2805122\
1225,Monumentul Eroilor Sarbi,Medgidia,CONSTANTA,44.2609679,28.2805122\
1226,Primaria Medgidia,Medgidia,CONSTANTA,44.2609679,28.2805122\
1227,Crama Lipnita,Ostrov,CONSTANTA,44.1026099,27.371125\
1228,Crama Ostrov,Ostrov,CONSTANTA,44.1026099,27.371125\
1229,Cetatea Bizantina Vicina,Ostrov,CONSTANTA,44.1026099,27.371125\
1230,Peretii Calcarosi de la Petrosani,Ostrov,CONSTANTA,44.1026099,27.371125\
1231,Muzeul Satesc Limanu,Limanu,CONSTANTA,43.7963884,28.5328514\
1232,Centrul de Agrement 2 Mai,2 Mai,CONSTANTA,44.1667815570006,28.6340024699552\
1233,Muzeul arheologic Adamclisi,Adamclisi,CONSTANTA,44.0832031,27.9506159\
1234,Monumentul Trophaeum Traiani,Adamclisi,CONSTANTA,44.0832031,27.9506159\
1235,Cetatea Adamiclisi,Adamclisi,CONSTANTA,44.0832031,27.9506159\
1236,Basilica Adamclisi,Adamclisi,CONSTANTA,44.0832031,27.9506159\
1237,BISERICA SF. NICOLAE ANDOLINA,ANDOLINA,CALARASI,44.2042025,27.3404386\
1238,BISERICA SF. NICOLAE BOGATA,BOGATA,CALARASI,44.2042025,27.3404386\
1239,BISERICA SF. IOAN BOTEZATORU ALEXE,CALARASI,CALARASI,44.2042025,27.3404386\
1240,BISERICA SF. CONSTANTIN SI ELENA,CALARASI,CALARASI,44.2042025,27.3404386\
1241,BISERICA MIRCEA VODA,CALARASI,CALARASI,44.2042025,27.3404386\
1242,BUSTUL LUI BUREBISTA,CALARASI,CALARASI,44.2042025,27.3404386\
1243,BUSTUL LUI EUGEN CIALIC,CALARASI,CALARASI,44.2042025,27.3404386\
1244,CASA ANA SI MARINACHE POPESCU,CALARASI,CALARASI,44.2042025,27.3404386\
1245,CASA CONSTANTIN TICAN,CALARASI,CALARASI,44.2042025,27.3404386\
1246,CATEDRALA ORTODOXA SF. NICOLAE,CALARASI,CALARASI,44.2042025,27.3404386\
1247,GRADINA ZOO,CALARASI,CALARASI,44.2042025,27.3404386\
1248,MONUMENTUL EROILOR,CALARASI,CALARASI,44.2042025,27.3404386\
1249,MUZEUL DUNARII DE JOS,CALARASI,CALARASI,44.2042025,27.3404386\
1250,MUZEUL MUNICIPAL,CALARASI,CALARASI,44.2042025,27.3404386\
1251,PALATUL PREFECTURII,CALARASI,CALARASI,44.2042025,27.3404386\
1252,PARCUL FLORILOR,CALARASI,CALARASI,44.2042025,27.3404386\
1253,PARCUL MUNICIPAL,CALARASI,CALARASI,44.2042025,27.3404386\
1254,PRIMARIA CALARASI,CALARASI,CALARASI,44.2042025,27.3404386\
1255,SCOALA GIMNAZIALA CAROL I,CALARASI,CALARASI,44.2042025,27.3404386\
1256,STATUIA CAROL I,CALARASI,CALARASI,44.2042025,27.3404386\
1257,STATUIA MIHAI EMINESCU,CALARASI,CALARASI,44.2042025,27.3404386\
1258,STATUIA LUI IONEL BRATIANU,CALARASI,CALARASI,44.2042025,27.3404386\
1259,VECHEA PRIMARIE,CALARASI,CALARASI,44.2042025,27.3404386\
1260,BISERICA SF. NICOLAE,CIOCANESTI,CALARASI,44.2059863,27.0842852\
1261,BISERICA SF. NICOLAE DOR MARUNT I,DOR MARUNT,CALARASI,44.4396334,26.9426904\
1262,BISERICA SF. GHEORGHE DOR MARUNT II,DOR MARUNT,CALARASI,44.4396334,26.9426904\
1263,HERGHELIA DOR MARUNT,DOR MARUNT,CALARASI,44.4396334,26.9426904\
1264,LACUL FRASINET,FRASINET,CALARASI,44.3199871,26.8109399\
1265,BISERICA SF. DUMITRU,MANASTIREA,CALARASI,44.2144692,26.899924\
1266,CASA MEMORIALA ALEXANDRU SAHIA,MANASTIREA,CALARASI,44.2144692,26.899924\
1267,BISERICA SF. MIHAIL SI GAVRIIL,NEGOESTI,CALARASI,44.2042025,27.3404386\
1268,BISERICA EROILOR,OLTENITA,CALARASI,44.0850046,26.637582\
1269,BISERICA SF. GHEORGHE,OLTENITA,CALARASI,44.0850046,26.637582\
1270,BISERICA SF. NICOLAE,OLTENITA,CALARASI,44.0850046,26.637582\
1271,MONUMENTUL EROILOR,OLTENITA,CALARASI,44.0850046,26.637582\
1272,MONUMENTUL EROILOR RUSI,OLTENITA,CALARASI,44.0850046,26.637582\
1273,MUZEUL CIVILIZATIEI GUMELNITA,OLTENITA,CALARASI,44.0850046,26.637582\
1274,TURNUL DE APA OLTENITA,OLTENITA,CALARASI,44.0850046,26.637582\
1275,BISERICA SF. GHEORGHE SOLDANU,SOLDANU,CALARASI,44.2226752,26.5219671\
1276,BISERICA SF. NICOLAE,SPANTOV,CALARASI,44.1215564,26.785044\
1277,BISERICA SF. PARASCHEVA,STANCEA,CALARASI,44.2042025,27.3404386\
1278,BISERICA ADORMIREA MAICII DOMNULUI,SULTANA,CALARASI,46.3453156,21.5119726\
1279,MANASTIREA TARICENI,TARICENI,CALARASI,44.2042025,27.3404386\
\pard\tx543\pardeftab543\pardirnatural\partightenfactor0

\f1\b0 \cf2 1280,LACUL VALEA ROSIE,VALEA ROSIE,CALARASI
\f0\b \cf2 ,44.2042025,27.3404386
\f1\b0 \cf2 \
1281,MANASTIREA BUNA VESTIRE VALEA ROSIE,VALEA ROSIE,CALARASI
\f0\b \cf2 ,44.2042025,27.3404386\
1282,RUINELE BISERICII FRUNZANESTI,FUNDENI,CALARASI,44.3734918,26.3454961\
1283,ANSAMBLUL CURTII BOIERILOR DUDESCU,FUNDENI,CALARASI,44.3734918,26.3454961\
1284,BISERICA SF. ANDREI FUNDENI,FUNDENI,CALARASI,44.3734918,26.3454961\
1285,BISERICA SFINTII VOIEVOZI,AMARASTII DE JOS,DOLJ,43.9565227,24.1773481\
1286,BISERICA SFANTUL NICOLAE,AMARASTII DE SUS,DOLJ,43.9813578,24.1603721\
1287,BISERICA ADORMIREA MAICII DOMNULUI,APELE VII,DOLJ,44.0672324,24.0644846\
1288,BISERICA ADORMIREA MAICII DOMNULUI,BAILESTI,DOLJ,44.0268864,23.3534353\
1289,CASA MEMORIALA AMZA PELLEA,BAILESTI,DOLJ,44.0268864,23.3534353\
1290,BISERICA SFANTUL NICOLAE,BAILESTI,DOLJ,44.0268864,23.3534353\
1291,MUZEUL CAMPIEI,BAILESTI,DOLJ,44.0268864,23.3534353\
1292,PARCUL TINERETULUI,BAILESTI,DOLJ,44.0268864,23.3534353\
1293,MONUMENT PETRE IVANOVICI,BAILESTI,DOLJ,44.0268864,23.3534353\
1294,MONUMENTUL EROILOR,BAILESTI,DOLJ,44.0268864,23.3534353\
1295,BUST MIHAI VITEAZUL,BAILESTI,DOLJ,44.0268864,23.3534353\
1296,MANASTIREA JITIANU,BRANISTE,DOLJ,44.271606,23.7906743\
1297,BISERICA IZVORUL TAMADUIRII,CALAFAT,DOLJ,43.9907824,22.9346433\
1298,BISERICA SFANTUL NICOLAE,CALAFAT,DOLJ,43.9907824,22.9346433\
1299,CASA DUMITRU P. ARSSENIE,CALAFAT,DOLJ,43.9907824,22.9346433\
1300,CASA IOAN GHEORGHIADIS,CALAFAT,DOLJ,43.9907824,22.9346433\
1301,CLUBUL COPIILOR,CALAFAT,DOLJ,43.9907824,22.9346433\
1302,CENTRUL CULTURAL BULGAR,CALAFAT,DOLJ,43.9907824,22.9346433\
1303,BUST STEFAN IORDACHE,CALAFAT,DOLJ,43.9907824,22.9346433\
1304,BUST SIMA PASARETZ,CALAFAT,DOLJ,43.9907824,22.9346433\
1305,MONUMENTUL EROILOR,CALAFAT,DOLJ,43.9907824,22.9346433\
1306,BUST TUDOR VLADIMIRESCU,CALAFAT,DOLJ,43.9907824,22.9346433\
1307,BISERICA ADORMIREA MAICII DOMNULUI,CALAFAT,DOLJ,43.9907824,22.9346433\
1308,MANASTIREA CARCEA,CARCEA,DOLJ,44.2686839,23.898435\
1309,BISERICA INTRAREA MAICII DOMNULUI IN BISERICA,CELARU,DOLJ,44.0437109,24.1444676\
1310,BISERICA SFANTUL IOAN GURA DE AUR,CERAT,DOLJ,44.0641471,23.6698326\
1311,PORT CULTURAL CETATE,CETATE,DOLJ,44.1052419,23.0515998\
1312,BUST ALEXANDRU IOAN CUZA,CETATE,DOLJ,44.1052419,23.0515998\
1313,ANSAMBLUL CURTII COTOFENILOR,COTOFENII DIN FATA,DOLJ,44.4300915,23.6152447\
1314,BISERICA ADORMIREA MAICII DOMNULUI,COTOFENII DIN FATA,DOLJ,44.4300915,23.6152447\
1315,CASA VRABIESCU,CRAIOVA,DOLJ,44.3166667,23.8\
1316,CASA ZWILLINGER,CRAIOVA,DOLJ,44.3166667,23.8\
1317,CASA GHEORGHE CHITU,CRAIOVA,DOLJ,44.3166667,23.8\
1318,CASA MARIA TANASE,CRAIOVA,DOLJ,44.3166667,23.8\
1319,CASA SCHINA,CRAIOVA,DOLJ,44.3166667,23.8\
1320,CASA FERARU,CRAIOVA,DOLJ,44.3166667,23.8\
1321,BISERICA ADORMIREA MAICII DOMNULUI,CRAIOVA,DOLJ,44.3166667,23.8\
1322,CASA NICOLAE ROMANESCU,CRAIOVA,DOLJ,44.3166667,23.8\
1323,CASA VARVOREANU,CRAIOVA,DOLJ,44.3166667,23.8\
1324,CASA RUSANESCU,CRAIOVA,DOLJ,44.3166667,23.8\
1325,CASA DIAMANTOPOL,CRAIOVA,DOLJ,44.3166667,23.8\
1326,CASA BOICESCU,CRAIOVA,DOLJ,44.3166667,23.8\
1327,CASA ESKENAZY,CRAIOVA,DOLJ,44.3166667,23.8\
1328,HOTEL MINERVA,CRAIOVA,DOLJ,44.3166667,23.8\
1329,HOTEL NEW YORK,CRAIOVA,DOLJ,44.3166667,23.8\
1330,BISERICA SFANTUL ILIE,CRAIOVA,DOLJ,44.3166667,23.8\
1331,FILARMONICA CRAIOVA,CRAIOVA,DOLJ,44.3166667,23.8\
1332,PALATUL ADMINISTRATIV,CRAIOVA,DOLJ,44.3166667,23.8\
1333,STATUIE MIHAI VITEAZU,CRAIOVA,DOLJ,44.3166667,23.8\
1334,HOTEL PALACE,CRAIOVA,DOLJ,44.3166667,23.8\
1335,MUZEUL DE ARTA,CRAIOVA,DOLJ,44.3166667,23.8\
1336,BUSTUL LUI THEODOR AMAN,CRAIOVA,DOLJ,44.3166667,23.8\
1337,CASA CONSTANTIN VALIMARESCU,CRAIOVA,DOLJ,44.3166667,23.8\
1338,CASA STOILOV BOLINTINEANU,CRAIOVA,DOLJ,44.3166667,23.8\
1339,AJPISD,CRAIOVA,DOLJ,44.3166667,23.8\
1340,PARCUL ROMANESCU,CRAIOVA,DOLJ,44.3166667,23.8\
1341,BUST ROMANESCU,CRAIOVA,DOLJ,44.3166667,23.8\
1342,GRADINA ZOOLOGICA,CRAIOVA,DOLJ,44.3166667,23.8\
1343,MONUMENT VORVOREANU,CRAIOVA,DOLJ,44.3166667,23.8\
1344,STATUIE NICOLAE ROMANESCU,CRAIOVA,DOLJ,44.3166667,23.8\
1345,ANSAMBLUL TOTI SFINTII,CRAIOVA,DOLJ,44.3166667,23.8\
1346,JUDECATORIA CRAIOVA,CRAIOVA,DOLJ,44.3166667,23.8\
1347,UNIVERSITATEA,CRAIOVA,DOLJ,44.3166667,23.8\
1348,BUSTUL MIHAI I,CRAIOVA,DOLJ,44.3166667,23.8\
1349,TEATRUL NATIONAL MARIN SORESCU,CRAIOVA,DOLJ,44.3166667,23.8\
1350,PRIMARIA CRAIOVA,CRAIOVA,DOLJ,44.3166667,23.8\
1351,STATUIE CAROL I,CRAIOVA,DOLJ,44.3166667,23.8\
1352,COLEGIUL NATIONAL CAROL I,CRAIOVA,DOLJ,44.3166667,23.8\
1353,MUZEUL DE STIINTE ALE NATURII,CRAIOVA,DOLJ,44.3166667,23.8\
1354,BISERICA SFANTA TREIME,CRAIOVA,DOLJ,44.3166667,23.8\
1355,STATUIE ION MAIORESCU,CRAIOVA,DOLJ,44.3166667,23.8\
1356,SCOALA OTETELESEANU,CRAIOVA,DOLJ,44.3166667,23.8\
1357,MUZEUL OLTENIEI,CRAIOVA,DOLJ,44.3166667,23.8\
1358,BISERICA SFANTUL NICOLAE,CRAIOVA,DOLJ,44.3166667,23.8\
1359,BISERICA SFANTUL NICOLAE BRANDUSA,CRAIOVA,DOLJ,44.3166667,23.8\
1360,CASA GRIGORE GABRIELESCU,CRAIOVA,DOLJ,44.3166667,23.8\
1361,BLOCUL CASA ALBA,CRAIOVA,DOLJ,44.3166667,23.8\
1362,FOSTA MANASTIRE OBEDEANU,CRAIOVA,DOLJ,44.3166667,23.8\
1363,CASA BRAILOIU LECCA,CRAIOVA,DOLJ,44.3166667,23.8\
1364,GRADINA BOTANICA,CRAIOVA,DOLJ,44.3166667,23.8\
1365,FANTANA JIANU,CRAIOVA,DOLJ,44.3166667,23.8\
1366,STATUIA TUDOR VLADIMIRESCU,CRAIOVA,DOLJ,44.3166667,23.8\
1367,CASA IONEL PLESIA,CRAIOVA,DOLJ,44.3166667,23.8\
1368,CASA PENCIOIU,CRAIOVA,DOLJ,44.3166667,23.8\
1369,CASA VERNESCU,CRAIOVA,DOLJ,44.3166667,23.8\
1370,CASA BARBU DRUGA,CRAIOVA,DOLJ,44.3166667,23.8\
1371,CASA SIMION BARNUTIU 2,CRAIOVA,DOLJ,44.3166667,23.8\
1372,BISERICA SFINTII MIHAIL SI GAVRIIL,CRAIOVA,DOLJ,44.3166667,23.8\
1373,CASA DR. MENDEL,CRAIOVA,DOLJ,44.3166667,23.8\
1374,CASA TRAIAN DEMETRESCU,CRAIOVA,DOLJ,44.3166667,23.8\
1375,CASA MEMORIALA ELENA FARAGO,CRAIOVA,DOLJ,44.3166667,23.8\
1376,CASA MIRICA,CRAIOVA,DOLJ,44.3166667,23.8\
1377,CASA POENARU,CRAIOVA,DOLJ,44.3166667,23.8\
1378,STATUIA EUGENIU CARADA,CRAIOVA,DOLJ,44.3166667,23.8\
1379,CASA BANIEI,CRAIOVA,DOLJ,44.3166667,23.8\
1380,BISERICA SFANTUL DUMITRU,CRAIOVA,DOLJ,44.3166667,23.8\
1381,FANTANA PURCARULUI,CRAIOVA,DOLJ,44.3166667,23.8\
1382,HANUL PUTUREANU,CRAIOVA,DOLJ,44.3166667,23.8\
1383,BISERICA SFANTUL GHEORGHE CEL NOU,CRAIOVA,DOLJ,44.3166667,23.8\
1384,CASA CIOROIANU,CRAIOVA,DOLJ,44.3166667,23.8\
1385,STATUIA FRATII BUZESTI,CRAIOVA,DOLJ,44.3166667,23.8\
1386,COLEGIUL NATIONAL FRATII BUZESTI,CRAIOVA,DOLJ,44.3166667,23.8\
1387,BISERICA SFANTUL NICOLAE,DABULENI,DOLJ,43.8056001,24.1021669\
1388,BISERICA SFANTUL GHEORGHE,DABULENI,DOLJ,43.8056001,24.1021669\
1389,MUZEUL MITRE ARAMBASA,DABULENI,DOLJ,43.8056001,24.1021669\
1390,BISERICA SFANTUL DUMITRU,FILIASI,DOLJ,44.5541126,23.5297993\
1391,BUST ANTON PANN,FILIASI,DOLJ,44.5541126,23.5297993\
1392,BISERICA SFANTUL NICOLAE,FILIASI,DOLJ,44.5541126,23.5297993\
1393,MAUSOLEUL FAMILIEI FILISANU,FILIASI,DOLJ,44.5541126,23.5297993\
1394,BISERICA SFANTUL DIMITRIE,LEU,DOLJ,44.1898451,24.0057838\
1395,MANASTIREA MAGLAVIT,MAGLAVIT,DOLJ,44.0332847,23.0943049\
1396,SALCIA LUI PETRACHE LUPU,MAGLAVIT,DOLJ,44.0332847,23.0943049\
1397,BISERICA SFANTUL NICOLAE,MAGLAVIT,DOLJ,44.0332847,23.0943049\
1398,STATUIA PETRE LUPU,MAGLAVIT,DOLJ,44.0332847,23.0943049\
1399,MUZEUL SATULUI,MAGLAVIT,DOLJ,44.0332847,23.0943049\

\f1\b0 \cf2 1400,MUZEUL VETRE STRAMOSESTI,MAROTINU DE JOS,DOLJ
\f0\b \cf2 ,44.0332847,23.0943049\
1401,BISERICA CONSTANTIN SI ELENA,MOTATEI,DOLJ,44.0968466,23.2013831\
1402,BISERICA SFANTUL NICOLAE,MOTATEI,DOLJ,44.0968466,23.2013831\
1403,MUZEUL HENRI COANDA,PERISOR,DOLJ,44.1442165,23.4800151\
1404,BISERICA SFANTUL NICOLAE,PERISOR,DOLJ,44.1442165,23.4800151\

\f1\b0 \cf2 1405,CASTRUL DE LA RACARI,RACARII DE JOS,DOLJ
\f0\b \cf2 ,44.1442165,23.4800151\
1406,BISERICA ADORMIREA MAICII DOMNULUI,RADOVAN,DOLJ,44.1547192,23.5627046\
1407,MANASTIREA SADOVA,SADOVA,DOLJ,43.9058089,23.9651706\
1408,CASA MEMORIALA HENRI CATARGI,SCAESTI,DOLJ,44.4566314,23.579879\
1409,BISERICA ADORMIREA MAICII DOMNULUI,SEGARCEA,DOLJ,44.0980148,23.7525054\
1410,CLUBUL COPIILOR,SEGARCEA,DOLJ,44.0980148,23.7525054\
1411,MANASTIREA SEGARCEA,SEGARCEA,DOLJ,44.0980148,23.7525054\
1412,BUSTUL HORIA VINTILA,SEGARCEA,DOLJ,44.0980148,23.7525054\
1413,CRAMA DOMNEASCA,SEGARCEA,DOLJ,44.0980148,23.7525054\
1513,CASA ZARZAZA,ALEXANDRIA,TELEORMAN,44.010892,25.2261265\
1514,PODUL METALIC PESTE RAUL VEDEA,ALEXANDRIA,TELEORMAN,44.010892,25.2261265\
1515,RUINELE CETATII ROMANE TURRIS,ALEXANDRIA,TELEORMAN,44.010892,25.2261265\
1516,CLADIREA SCOLII GIMNAZIALE NR. 5,ALEXANDRIA,TELEORMAN,44.010892,25.2261265\
1517,GARA,ALEXANDRIA,TELEORMAN,44.010892,25.2261265\
1518,MUZEUL JUDETEAN TELEORMAN,ALEXANDRIA,TELEORMAN,44.010892,25.2261265\
1519,CATEDRALA SFANTUL ALEXANDRU,ALEXANDRIA,TELEORMAN,44.010892,25.2261265\
1520,BISERICA ADORMIREA MAICII DOMNULUI,ALEXANDRIA,TELEORMAN,44.010892,25.2261265\
1521,BISERICA SFINTII APOSTOLI PETRU SI PAVEL,ALEXANDRIA,TELEORMAN,44.010892,25.2261265\
1522,BUSTUL LUI CUZA,ALEXANDRIA,TELEORMAN,44.010892,25.2261265\
1523,MONUMENT RMI,ALEXANDRIA,TELEORMAN,44.010892,25.2261265\
1524,STATUIA LUI LIVIU VASILICA,ALEXANDRIA,TELEORMAN,44.010892,25.2261265\
1525,RUINELE CURTII LUI CONSTANTIN AGA BALACEANU,BALACI,TELEORMAN,44.3373944,24.9173447\
1526,BISERICA ADORMIREA MAICII DOMNULUI,BALACI,TELEORMAN,44.3373944,24.9173447\
1527,MANASTIREA SFANTUL PANTELIMON,BALACI,TELEORMAN,44.3373944,24.9173447\
1528,RUINELE MANASTIRII,BALDOVINESTI,TELEORMAN,44.0572441,25.22048\
1529,BISERICA DE LEMN,BUJORENI,TELEORMAN,44.1166424,25.6460074\
1530,BISERICA SFANTUL DUMITRU,COSETENI,TELEORMAN,44.0572441,25.22048\
1531,EXPOZITIA MEMORIALA GALA GALACTION,DIDESTI,TELEORMAN,44.2190714,24.8824426\
1532,BISERICA DE LEMN SFANTA PARASCHEVA,DRACESTI,TELEORMAN,44.0572441,25.22048\
1533,CASA MEMORIALA ANTON SI MARIA POPESCU,DRACSANI,TELEORMAN,44.2257646,24.9813372\
1534,MUZEUL DE ETNOGRAFIE,DRACSANI,TELEORMAN,44.2257646,24.9813372\
1535,CULA LUI COSTEA,FRASINET,TELEORMAN,44.0572441,25.22048\
1536,MONUMENTUL COMEMORATIV AL ADUNARII DE LA ISLAZ,ISLAZ,TELEORMAN,43.712863,24.762303\
1537,SITUL ARHEOLOGIC DE LA BISERICA,MAGURA,TELEORMAN,44.0299761,25.3942821\
1538,CONACUL MANU,MERI,TELEORMAN,44.0572441,25.22048\
1539,BISERICA DE LEMN,MERISANI,TELEORMAN,44.0572441,25.22048\
1540,MONUMENT COMEMORATIV SARJA,PRUNARU,TELEORMAN,44.0572441,25.22048\
1541,AQUAVENTURA,ROSIORI,TELEORMAN,44.115786,25.0101516\
1542,CETATEA CAZACILOR,ROSIORI,TELEORMAN,44.115786,25.0101516\
1543,CASA MAMUT,ROSIORI,TELEORMAN,44.115786,25.0101516\
1544,CASA DAIA,ROSIORI,TELEORMAN,44.115786,25.0101516\
1545,PRIMARIA,ROSIORII DE VEDE,TELEORMAN,44.115786,25.0101516\
1546,BUSTUL LUI NICOLAE BALCESCU,ROSIORII DE VEDE,TELEORMAN,44.115786,25.0101516\
1547,MUZEUL MUNICIPAL DE ISTORIE,ROSIORII DE VEDE,TELEORMAN,44.115786,25.0101516\
1548,GARA,ROSIORII DE VEDE,TELEORMAN,44.115786,25.0101516\
1549,CASA MEMORIALA ZAHARIA STANCU,SALCIA,TELEORMAN,43.9369971,24.9462561\
1550,BISERICA DE LEMN,SERICU,TELEORMAN,44.0572441,25.22048\
1551,CENTRUL MEMORIAL MARIN PREDA,SILISTEA GUMESTI,TELEORMAN,44.3725653,25.0144782\
1552,SCHITUL MARE MUCENIC FANURIE,SILISTEA GUMESTI,TELEORMAN,44.3725653,25.0144782\
1553,MUZEUL DE ETNOGRAFIE,STEJARU,TELEORMAN,44.1889286,24.8690857\
1554,RUINELE CURTILOR BALACEANU,TATARASTII DE SUS,TELEORMAN,44.4052831,25.1261203\
1555,MANASTIREA SFANTA ECATERINA,TATARASTII DE SUS,TELEORMAN,44.4052831,25.1261203\
1556,CASA ANGELESCU,TURNU MAGURELE,TELEORMAN,43.7831135,24.8453776\
1557,CLUBUL COPIILOR,TURNU MAGURELE,TELEORMAN,43.7831135,24.8453776\
1558,TURNUL DE APA,TURNU MAGURELE,TELEORMAN,43.7831135,24.8453776\
1559,PARCUL CENTRAL,TURNU MAGURELE,TELEORMAN,43.7831135,24.8453776\
1560,MONUMENTUL INDEPENDENTEI,TURNU MAGURELE,TELEORMAN,43.7831135,24.8453776\
1561,BUSTUL LUI PRAPORGESCU,TURNU MAGURELE,TELEORMAN,43.7831135,24.8453776\
1562,STATUIA DOROBANTULUI,TURNU MAGURELE,TELEORMAN,43.7831135,24.8453776\
1563,BISERICA SFANTUL HARALAMBIE,TURNU MAGURELE,TELEORMAN,43.7831135,24.8453776\
1564,STATUIA LUI MIRCEA CEL BATRAN,TURNU MAGURELE,TELEORMAN,43.7831135,24.8453776\
1565,TRIBUNALUL,TURNU MAGURELE,TELEORMAN,43.7831135,24.8453776\
1566,COMPLEXUL DE ODIHNA SI RECREERE STRAND,VEDEA,TELEORMAN,44.0918952,25.0648276\
1567,BISERICA DE LEMN SFANTA PARASCHEVA,VIDELE,TELEORMAN,44.2781953,25.5164904\
1568,BISERICA SFANTA PARASCHEVA,ALUNISU,OLT,44.7500729,24.5274971\
1569,BISERICA SFINTII VOIEVOZI,BABICIU,OLT,44.0319546,24.5639162\
1570,MUZEUL SATESC,BABICIU,OLT,44.0319546,24.5639162\
1571,BISERICA DE LEMN,BALDOVINESTI,OLT,44.2924656,24.4598214\
1572,CASA MEMORIALA MIHAIL DRUMES,BALS,OLT,44.34826,24.110215\
1573,BISERICA CONSTANTIN SI ELENA,BALS,OLT,44.34826,24.110215\
1574,BISERICA SFANTUL DUMITRU,BALS,OLT,44.34826,24.110215\
1575,BISERICA SFANTA PARASCHEVA,BALS,OLT,44.34826,24.110215\
1576,BISERICA ADORMIREA MAICII DOMNULUI,BARASTII DE CEPTURI,OLT,44.3991463169951,24.2274205176408\
1577,BISERICA ADORMIREA MAICII DOMNULUI,BREBENI,OLT,44.3665978,24.4488519\
1578,BISERICA SFANTUL NICOLAE,BREZAICA,OLT,44.2924656,24.4598214\

\f1\b0 \cf2 1579,BISERICA SFANTA PARASCHEVA,CAMPU MARE,OLT
\f0\b \cf2 ,44.2924656,24.4598214\
1580,BISERICA ADORMIREA MAICII DOMNULUI,CARACAL,OLT,44.116641,24.3590662\
1581,BISERICA SFANTA TREIME,CARACAL,OLT,44.116641,24.3590662\
1582,BISERICA SFANTUL IOAN BOTEZATORUL,CARACAL,OLT,44.116641,24.3590662\
1583,BISERICA SFANTUL VASILE,CARACAL,OLT,44.116641,24.3590662\
1584,BISERICA TOTI SFINTII,CARACAL,OLT,44.116641,24.3590662\
1585,BUST TOMA RUSCA,CARACAL,OLT,44.116641,24.3590662\
1586,CASA MEMORIALA IANCU JIANU,CARACAL,OLT,44.116641,24.3590662\
1587,CASA NICOLAE TITULESCU,CARACAL,OLT,44.116641,24.3590662\
1588,CLUBUL COPIILOR,CARACAL,OLT,44.116641,24.3590662\
1589,CONACUL HAGIESCU,CARACAL,OLT,44.116641,24.3590662\
1590,JUDECATORIA CARACAL,CARACAL,OLT,44.116641,24.3590662\
1591,MONUMENTUL EROILOR,CARACAL,OLT,44.116641,24.3590662\
1592,MONUMENTUL RECUNOSTINTEI,CARACAL,OLT,44.116641,24.3590662\
1593,MUZEUL ROMANATIULUI,CARACAL,OLT,44.116641,24.3590662\
1594,PARCUL POROINEANU,CARACAL,OLT,44.116641,24.3590662\
1595,PRIMARIA CARACAL,CARACAL,OLT,44.116641,24.3590662\
1596,STATUIA CERES,CARACAL,OLT,44.116641,24.3590662\
1597,TEATRUL DE VARA,CARACAL,OLT,44.116641,24.3590662\
1598,TEATRUL NATIONAL,CARACAL,OLT,44.116641,24.3590662\
1599,FAR CARACAL,CARACAL,OLT,44.116641,24.3590662\
1600,CONACUL CEZIENI,CEZIENI,OLT,44.1841913,24.2680688\
1601,BISERICA SFANTUL DUMITRU,CEZIENI,OLT,44.1841913,24.2680688\
1602,BISERICA ADORMIREA MAICII DOMNULUI,CHILIA,OLT,-3.4401241,-79.6275365\
1603,MUZEUL DE SCULPTURA,CHILIA,OLT,-3.4401241,-79.6275365\
1604,BISERICA SFANTUL NICOLAE,CILIENI,OLT,44.1841913,24.2680688\
1605,BISERICA ADORMIREA MAICII DOMNULUI,COLIBASI,OLT,42.7686988,-6.2916699\
1606,BISERICA SFANTUL NICOLAE,COMANCA,OLT,45.953749,-79.607845\
1607,MONUMENTUL EROILOR,CORABIA,OLT,43.7825734,24.5110164\
1608,PRIMARIA CORABIA,CORABIA,OLT,43.7825734,24.5110164\
1609,BISERICA SFANTA TREIME,CORABIA,OLT,43.7825734,24.5110164\
1610,MUZEUL DE ARHEOLOGIE,CORABIA,OLT,43.7825734,24.5110164\
1611,BUST ALEXANDRU IOAN CUZA,CORABIA,OLT,43.7825734,24.5110164\
1612,BISERICA SFANTUL SPIRIDON,CORABIA,OLT,43.7825734,24.5110164\
1613,CETATEA SUCIDAVA,CORABIA,OLT,43.7825734,24.5110164\
1614,BISERICA ADORMIREA MAICII DOMNULUI,CORBENI,OLT,46.261614,-79.291965\
1615,BISERICA INTAMPINAREA MAICII DOMNULUI,CURTISOARA,OLT,44.4806645,24.34431\
1616,CONACUL BOIERULUI IOAN MARIAN,CURTISOARA,OLT,44.4806645,24.34431\
1617,BISERICA ADORMIREA MAICII DOMNULUI,DRAGANESTI-OLT,OLT,44.1640213,24.5400094\
1618,BISERICA SFANTUL NICOLAE,FAGETELU,OLT,44.757238,24.5389631\
1619,BISERICA ADORMIREA MAICII DOMNULUI,FILIE,OLT,42.3784774,-6.3316408\
1620,BISERICA ADORMIREA MAICII DOMNULUI,FRUNZARU,OLT,44.2924656,24.4598214\
1621,PARCUL CONSTANTIN BRANCUSI,FRUNZARU,OLT,44.2924656,24.4598214\
1622,BISERICA SFANTUL NICOLAE,GIUVARASTI,OLT,43.8005072,24.6931032\
1623,BISERICA SFANTUL NICOLAE,GOSTAVATU,OLT,44.0813416,24.5266161\
1624,TURNUL MEDIEVAL,HOTARANI,OLT,44.2924656,24.4598214\
1625,BISERICA SFINTII VOIEVOZI,HOTARANI,OLT,44.2924656,24.4598214\
1626,BISERICA SFANTA PARASCHEVA,IANCU JIANU,OLT,44.5032287,24.0374107\
1627,BISERICA ADORMIREA MAICII DOMNULUI,IZVOARELE,OLT,44.2632415,24.5244947\
1628,BISERICA SFANTA PARASCHEVA,IZVORU,OLT,44.3582122713106,23.7491182976496\
1629,CONACUL IZVORU,IZVORU,OLT,44.3582122713106,23.7491182976496\
1630,BISERICA ADORMIREA MAICII DOMNULUI,LIICENI,OLT,-31.121809,28.72249\
1631,CONACUL PAUL LAZAR,LIICENI,OLT,-31.121809,28.72249\
1632,BISERICA SFINTII APOSTOLI,MAMURA,OLT,-30.200425,28.606753\
1633,BISERICA DE LEMN,MOMAIU,OLT,43.6657757,-79.4037811\
1634,BISERICA SFANTUL NICOLAE,OBOGA,OLT,44.4272699,24.0843615\
1635,MANASTIREA CALUIU,OBOGA,OLT,44.4272699,24.0843615\
1636,BISERICA SFANTA PARASCHEVA,OPTASANI,OLT,44.5824053,24.649883\
1637,CIMITIRUL VESEL,PIETRIS,OLT,44.364785,24.28607\
1638,BISERICA SFINTII VOIEVOZI,PLESOIU,OLT,44.457547,24.2680526\
1639,CONACUL BOIERESC,PLESOIU,OLT,44.457547,24.2680526\
1640,BISERICA DE LEMN,PRISACA,OLT,44.5204664,24.4398729\
1641,BISERICA SFANTUL NICOLAE,PROFA,OLT,45.0412003024067,24.31000814261\
1642,ANSAMBLUL BRATASANU,RADOMIRESTI,OLT,44.0829238,24.6956449\
1643,VESTIGIILE ORASULUI ROMAN,RESCA,OLT,44.0577245,24.3070797\
1644,BISERICA SFANTUL NICOLAE,RESCA,OLT,44.0577245,24.3070797\
1645,STATUIA SFANTUL CONSTANTIN CEL MARE,RESCA,OLT,44.0577245,24.3070797\
1646,BISERICA DE LEMN RUSANESTI,RUSANESTI,OLT,43.9408186,24.5956521\
1647,BISERICA SFINTII MARTIRI BRANCOVENI,RUSANESTI,OLT,43.9408186,24.5956521\
1648,BISERICA ADORMIREA MAICII DOMNULUI,SAMBURESTI,OLT,44.8091732,24.3965578\
1649,BISERICA STANULEASA,SAMBURESTI,OLT,44.8091732,24.3965578\
1650,BISERICA ADORMIREA MAICII DOMNULUI,SCARISOARA,OLT,43.9925851,24.5764141\
1651,BISERICA BAPTISTA,SCORNICESTI,OLT,44.5985802,24.5445313\
1652,CASA MEMORIALA NICOLAE CEAUSESCU,SCORNICESTI,OLT,44.5985802,24.5445313\
1653,BISERICA ADORMIREA MAICII DOMNULUI,SCORNICESTI,OLT,44.5985802,24.5445313\
1654,BISERICA ADORMIREA MAICII DOMNULUI,SLATINA,OLT,44.4333333,24.3666667\
1655,BISERICA NASTEREA MAICII DOMNULUI,SLATINA,OLT,44.4333333,24.3666667\
1656,BISERICA ADVENTISTA,SLATINA,OLT,44.4333333,24.3666667\
1657,BISERICA SFANTA TREIME,SLATINA,OLT,44.4333333,24.3666667\
1658,BISERICA SFANTUL IOAN BOTEZATORUL,SLATINA,OLT,44.4333333,24.3666667\
1659,BISERICA SFINTII CONSTANTIN SI ELENA,SLATINA,OLT,44.4333333,24.3666667\
1660,BISERICA SFINTII VOIEVOZI,SLATINA,OLT,44.4333333,24.3666667\
1661,BISERICA SFANTUL NICOLAE COASTA,SLATINA,OLT,44.4333333,24.3666667\
1662,BUST RADU GRECEANU,SLATINA,OLT,44.4333333,24.3666667\
1663,CASA FANTANEANU,SLATINA,OLT,44.4333333,24.3666667\
1664,CASA IOAN CALUGARU,SLATINA,OLT,44.4333333,24.3666667\
1665,CASA STRADA MIHAI EMINESCU NR. 44,SLATINA,OLT,44.4333333,24.3666667\
1666,CASA STRADA MIHAI EMINESCU NR. 48,SLATINA,OLT,44.4333333,24.3666667\
1667,CATEDRALA SLATINA,SLATINA,OLT,44.4333333,24.3666667\
1668,CLADIRE BNR,SLATINA,OLT,44.4333333,24.3666667\
1669,COFETARIA ATLETUL ALBANEZ ,SLATINA,OLT,44.4333333,24.3666667\
1670,COLEGIUL NATIONAL RADU GRECEANU,SLATINA,OLT,44.4333333,24.3666667\
1671,MANASTIREA CLOCOCIOV,SLATINA,OLT,44.4333333,24.3666667\
1672,MUZEUL DE ETNOGRAFIE,SLATINA,OLT,44.4333333,24.3666667\
1673,MUZEUL JUDETEAN OLT,SLATINA,OLT,44.4333333,24.3666667\
1674,OBELISC SLATINA,SLATINA,OLT,44.4333333,24.3666667\
1675,PODUL PESTE OLT,SLATINA,OLT,44.4333333,24.3666667\
1676,POLITIA LOCALA SLATINA,SLATINA,OLT,44.4333333,24.3666667\
1677,PRIMARIA SLATINA,SLATINA,OLT,44.4333333,24.3666667\
1678,REGISTRUL COMERTULUI SLATINA,SLATINA,OLT,44.4333333,24.3666667\
1679,SCHITUL STREHARET,SLATINA,OLT,44.4333333,24.3666667\
1680,SCOALA PRIMARA DE BAIETI,SLATINA,OLT,44.4333333,24.3666667\
1681,STATUIE ECATERINA TEODOROIU,SLATINA,OLT,44.4333333,24.3666667\
1682,STATUIE EUGEN IONESCO,SLATINA,OLT,44.4333333,24.3666667\
1683,STATUIE NICOLAE TITULESCU,SLATINA,OLT,44.4333333,24.3666667\
1684,STATUIE TUDOR VLADIMIRESCU,SLATINA,OLT,44.4333333,24.3666667\
1685,BISERICA ADORMIREA MAICII DOMNULUI,SPRANCEANA,OLT,44.0446004,24.6524607\
1686,BISERICA ADORMIREA MAICII DOMNULUI,STEFANESTI,OLT,44.2924656,24.4598214\
1687,BISERICA DE LEMN,STEFANESTI,OLT,44.2924656,24.4598214\

\f1\b0 \cf2 1688,ANSAMBLUL BISERICII SFINTILOR VOIEVOZI,STREJESTII DE SUS,OLT
\f0\b \cf2 ,44.2924656,24.4598214\
1689,BISERICA SFANTA PARASCHEVA,TATULESTI,OLT,44.6447777,24.6093852\
1690,BISERICA SFANTUL GHEORGHE DE JOS,TATULESTI,OLT,44.6447777,24.6093852\
1691,BISERICA SFANTUL NICOLAE,TIA MARE,OLT,43.8667075,24.6310508\
1692,BISERICA SFANTUL GRIGORE DECAPOLITUL,GROJDIBODU,OLT,43.7571315,24.2625427\
1693,BISERICA SFANTUL IOAN BOTEZATORUL,REDEA,OLT,44.0577245,24.3070797\
1694,BISERICA SFINTII VOIEVOZI,CIOROIU,OLT,44.2924656,24.4598214\
1695,BISERICA SFANTUL GHEORGHE,OSICA DE SUS,OLT,44.243001,24.2812781\
1696,BISERICA SFANTUL NICOLAE,FALCOIU,OLT,44.2290681,24.3707177\
1697,CONACUL NEAMTU,OLARI,OLT,50.2596762,-89.6047768\
1698,CULA CALATEANU,PIATRA OLT,OLT,44.3650681,24.2666764\
1699,BISERICA SFANTUL NICOLAE,PIATRA OLT,OLT,44.3650681,24.2666764\
1700,CASA MEMORIALA NICOLAE TITULESCU,NICOLAE TITULESCU,OLT,44.2669216,24.756148\
1701,CONACUL ARGESANU,PIATRA OLT,OLT,44.3650681,24.2666764\
1702,MANASTIREA BRANCOVENI,BRANCOVENI,OLT,44.3063535,24.3048397\
1703,M\uc0\u259 n\u259 stirea Seaca Mu\u537 ete\u537 ti \'96 Poboru,SEACA,OLT,44.1530376,24.7615444\
1707,Biserica \'84Sf\'e2ntul Nicolae\'93 \'96 Cungrea,Cungrea,OLT,44.6687473,24.3802052\
1711,Biserica \'84Adormirea Maicii Domnului\'93 \'96 Leleasca,Leleasca,OLT,44.8007283,24.4768757\
1715,Biserica \'84Sf\'e2ntul Nicolae\'93 \'96 Orlea,Orlea,OLT,43.7559595,24.3745299\
1720,Biserica \'84Sf\'e2ntul Gheorghe\'93 \'96 Tufeni,Tufeni,OLT,44.3290912,24.7856966}